<?xml version="1.0" encoding="UTF-8"?>
<project-private xmlns="http://www.netbeans.org/ns/project-private/1">
    <editor-bookmarks xmlns="http://www.netbeans.org/ns/editor-bookmarks/2" lastBookmarkId="0"/>
    <open-files xmlns="http://www.netbeans.org/ns/projectui-open-files/2">
        <group>
            <file>file:/C:/Users/Cabrera/Documents/NetBeansProjects/EDD1358Listas/src/edd1358listas/EDD1358Listas.java</file>
            <file>file:/C:/Users/Cabrera/Documents/NetBeansProjects/EDD1358Listas/src/listas/ListaLigadaADT.java</file>
            <file>file:/C:/Users/Cabrera/Documents/NetBeansProjects/EDD1358Listas/src/repaso/Pruebas.java</file>
            <file>file:/C:/Users/Cabrera/Documents/NetBeansProjects/EDD1358Listas/src/repaso/Perro.java</file>
        </group>
    </open-files>
</project-private>
